timestamp	hash	score	sharpe	max_dd	parity	pos_folds	trades	instruments	description
2026-04-06 17:42:15	ddbd49a2	-99.0000	+1.1757	-23.9%	1.6039	93%	11	QQQ,SPY	Baseline: stacking on QQQ+SPY (Phase 1B best)
2026-04-06 17:43:18	ddbd49a2	1.7887	+1.2726	-18.9%	1.7389	93%	10	QQQ,SPY	Baseline: stacking on QQQ+SPY (Phase 1B best)
2026-04-06 17:56:41	ddbd49a2	1.7887	+1.2726	-18.9%	1.7441	93%	10	QQQ,SPY	Baseline: stacking on QQQ+SPY (Phase 1B best)
2026-04-06 17:59:11	7f944bd1	1.4890	+1.0308	-24.2%	1.3959	93%	16	QQQ,SPY	Exp1: signal_threshold 0.55
2026-04-06 18:01:38	8db4f54b	1.3035	+0.8878	-18.9%	1.3241	69%	8	QQQ,SPY	Exp2: signal_threshold 0.65
2026-04-06 21:33:12	f31401f5	1.6668	+1.1757	-23.9%	1.5423	93%	11	QQQ,SPY	Exp3: max_depth 3
2026-04-06 21:34:26	563ed40d	1.7762	+1.2601	-18.9%	1.7221	93%	10	QQQ,SPY	Exp4: max_depth 5
2026-04-06 21:35:06	75881231	1.7887	+1.2726	-18.9%	1.7553	93%	10	QQQ,SPY	Exp5: n_estimators 200
2026-04-06 21:35:40	c536651d	1.7951	+1.2790	-18.9%	1.7645	93%	10	QQQ,SPY	Exp6: n_estimators 400
2026-04-06 21:36:22	3a17d6e9	1.6102	+1.1304	-26.2%	1.5402	93%	12	QQQ,SPY	Exp7: n_estimators 500
2026-04-06 21:36:57	46311f64	1.7887	+1.2726	-18.9%	1.7605	93%	10	QQQ,SPY	Exp8: learning_rate 0.01
2026-04-06 21:37:49	a2746b45	1.6102	+1.1304	-26.2%	1.5402	93%	12	QQQ,SPY	Exp9: add wider RSI 35/65 label option
2026-04-06 21:38:34	b2570450	1.7815	+1.2654	-18.9%	1.7502	93%	12	QQQ,SPY	Exp10: add confirm_bars=5 label option
2026-04-06 21:39:09	f3f7b71c	1.7887	+1.2726	-18.9%	1.7605	93%	10	QQQ,SPY	Exp11: add confirm_bars=20 label option
2026-04-06 21:39:52	3f0f8f28	0.8552	+0.7121	-35.3%	0.6804	70%	16	QQQ,SPY,GLD	Exp12: add GLD as third instrument
2026-04-06 21:40:27	6c98c52f	1.7887	+1.2726	-18.9%	1.7531	93%	10	QQQ,SPY	Exp13: lstm_hidden=64
2026-04-06 21:41:45	3ea52f5c	2.1884	+1.6880	-18.5%	3.0253	84%	19	QQQ,SPY	Exp14: oos_months=3
2026-04-06 21:42:50	250c466d	-99.0000	+1.4951	-18.9%	2.3283	86%	27	QQQ,SPY	Exp15: oos_months=2
2026-04-06 21:43:19	05c46c42	0.7338	+0.5573	-11.6%	0.6718	38%	5	QQQ,SPY	Exp16: is_years=1.5 oos_months=3
2026-04-06 21:45:24	7164ed4a	-99.0000	+0.3514	-64.4%	0.5301	66%	57	QQQ,SPY	Exp17: is_years=3 oos_months=3
2026-04-06 21:46:08	ffeda5be	2.0306	+1.5468	-18.5%	2.7765	76%	19	QQQ,SPY	Exp18: threshold=0.55 oos3
2026-04-06 21:46:51	13d8d6e0	1.6245	+1.1894	-18.5%	2.0405	51%	14	QQQ,SPY	Exp19: threshold=0.65 oos3
2026-04-06 21:47:35	9b83f353	2.1825	+1.6820	-18.5%	2.9457	84%	19	QQQ,SPY	Exp20: cost_bps=1.5 oos3
2026-04-06 21:48:12	bcc84740	2.0921	+1.6084	-18.5%	2.9323	76%	18	QQQ,SPY	Exp21: n_nested_folds=2 oos3
2026-04-06 21:49:20	a3589bae	2.1485	+1.6481	-18.5%	2.8234	84%	19	QQQ,SPY	Exp22: n_nested_folds=5 oos3
2026-04-06 21:50:09	f97e865b	2.0306	+1.5468	-18.5%	2.7409	76%	19	QQQ,SPY	Exp23: lookback=15 oos3
2026-04-06 21:51:02	acf0e280	2.0921	+1.6084	-18.5%	3.0083	76%	18	QQQ,SPY	Exp24: lookback=30 oos3
2026-04-06 21:51:52	c582a84f	2.1690	+1.6685	-18.5%	2.9698	84%	19	QQQ,SPY	Exp25: lstm_epochs=50 oos3
2026-04-06 21:52:43	f8f86ab2	2.1054	+1.6508	-20.9%	3.2572	67%	20	QQQ,SPY,TQQQ	Exp26: add TQQQ oos3
2026-04-06 21:53:12	e0c6a140	-99.0000	+0.4387	-22.5%	2.4031	47%	43	QQQ,SPY	Exp27: xgboost strategy oos3
2026-04-06 21:53:59	f894f8b4	1.7723	+1.2887	-18.8%	1.8517	76%	13	QQQ,SPY	Exp28: oos_months=4
2026-04-06 21:54:45	45198b34	2.1565	+1.6561	-18.5%	2.8897	84%	19	QQQ,SPY	Exp29: subsample=0.7 oos3
2026-04-06 21:55:30	ae50c6a9	2.1815	+1.6810	-18.5%	2.9224	84%	19	QQQ,SPY	Exp30: colsample_bytree=0.5 oos3
2026-04-06 21:56:12	69b61623	2.0306	+1.5468	-18.5%	2.7947	76%	19	QQQ,SPY	Exp31: colsample_bytree=0.8 oos3
2026-04-06 21:57:02	a10c0483	2.3634	+1.8442	-14.5%	2.5433	85%	13	QQQ	Exp32: QQQ only oos3
2026-04-06 21:57:36	cf61c61d	2.3634	+1.8442	-14.5%	2.5433	85%	13	QQQ	Exp33: QQQ only threshold=0.55 oos3
2026-04-06 21:58:12	dcebe147	1.7946	+1.3369	-11.6%	1.9152	54%	9	QQQ	Exp34: QQQ threshold=0.70 oos3
2026-04-06 21:58:45	7ff61b4f	2.3634	+1.8442	-14.5%	2.5433	85%	13	QQQ	Exp35: QQQ lstm_hidden=16 oos3
2026-04-06 22:00:42	70117e94	0.4131	+0.4244	-55.3%	0.5430	64%	27	QQQ	Exp36: QQQ is_years=3 oos3
2026-04-06 22:01:18	9e22c400	2.5199	+1.9853	-14.5%	4.0410	92%	19	QQQ,IWB	Exp37: QQQ+IWB oos3
2026-04-06 22:01:45	a9bd508d	2.6763	+2.1263	-10.3%	5.5387	100%	6	IWB	Exp38: IWB only oos3
2026-04-06 22:02:30	aafb802b	2.8815	+2.3565	-10.4%	7.4515	88%	8	IWB	Exp39: IWB oos_months=2
2026-04-06 22:03:11	3abd3f5f	-99.0000	+1.6700	-10.4%	5.3210	71%	14	IWB	Exp40: IWB oos_months=1
2026-04-06 22:04:06	54743f06	-99.0000	+2.0162	-14.5%	4.9419	86%	27	IWB,QQQ	Exp41: IWB+QQQ oos_months=2
2026-04-06 22:04:50	809998a1	-99.0000	+1.8355	-18.9%	4.8379	88%	16	IWB,SPY	Exp42: IWB+SPY oos_months=2
2026-04-06 22:05:44	940768b4	2.8815	+2.3565	-10.4%	7.4515	88%	8	IWB	Exp43: IWB oos2 confirm_pct=0.002
2026-04-06 22:06:29	f04ff224	2.8815	+2.3565	-10.4%	7.4515	88%	8	IWB	Exp44: IWB oos2 n_nested_folds=4
2026-04-06 23:17:05	2b03f223	-99.0000	-0.2450	-63.7%	-2.4316	45%	1784	AUD_JPY	Exp45: AUD_JPY H1 oos2
2026-04-06 23:24:49	2b03f223	-99.0000	-0.2012	-61.8%	-1.5634	47%	1794	AUD_JPY	Exp45: AUD_JPY H1 oos2
2026-04-07 09:11:49	aafb802b	2.8815	+2.3565	-10.4%	7.4515	88%	8	IWB	Exp39: IWB oos_months=2
2026-04-07 09:12:31	67321fb8	2.8815	+2.3565	-10.4%	7.4515	88%	8	IWB	Exp46: IWB max_depth=3
2026-04-07 09:13:06	b559d7dd	2.8815	+2.3565	-10.4%	7.4515	88%	8	IWB	Exp47: IWB max_depth=5
2026-04-07 09:13:42	0162afb1	2.8815	+2.3565	-10.4%	7.4515	88%	8	IWB	Exp48: IWB wider RSI 40/60 labels
2026-04-07 09:14:11	9f44f4f1	2.8815	+2.3565	-10.4%	7.4515	88%	8	IWB	Exp49: IWB lstm_hidden=64
2026-04-07 09:14:44	d272d88d	2.8815	+2.3565	-10.4%	7.4515	88%	8	IWB	Exp50: IWB lookback=30
2026-04-07 09:18:12	99d0ffef	-99.0000	-0.2994	-6.3%	-5.2950	50%	2	EFA	Exp51: EFA oos2
2026-04-07 09:18:33	a3c9e43d	-99.0000	-0.2705	-35.7%	-0.4877	32%	15	DBC	Exp52: DBC oos2
2026-04-07 09:18:55	837d0f06	-99.0000	-0.6033	-40.6%	-1.8628	17%	15	GLD	Exp53: GLD oos2
2026-04-07 09:19:52	10bbd391	0.6034	+0.3986	-47.6%	1.2157	52%	29	PSKY	Exp54: PSKY oos2
2026-04-07 09:20:08	b0b40182	1.3895	+1.0286	-10.4%	1.0783	69%	10	IWB,EFA	Exp55: IWB+EFA oos2
2026-04-07 09:20:43	bf311aed	-99.0000	-2.2368	-13.6%	-60.6391	0%	4	EUR_USD	Exp56: EUR_USD D oos2
2026-04-07 09:20:47	bb8ce362	-99.0000	+0.0000	0.0%	0.0000	0%	0	GBP_USD	Exp57: GBP_USD D oos2
2026-04-07 09:21:10	cdf3e191	-99.0000	-0.0280	-10.1%	-0.2574	27%	7	AUD_USD	Exp58: AUD_USD D oos2
2026-04-07 09:21:19	36f19654	-99.0000	-0.7841	-1.3%	-2.7054	0%	1	USD_JPY	Exp59: USD_JPY D oos2
2026-04-07 09:21:41	789e77ca	-99.0000	+1.3144	-18.9%	2.2292	88%	8	SPY	Exp60: SPY D oos2
2026-04-07 09:22:03	84653fcc	-99.0000	+1.6759	-14.5%	2.4323	84%	19	QQQ	Exp61: QQQ D oos2
2026-04-07 09:22:44	f44460b9	0.1626	+0.1853	-40.1%	0.4315	37%	25	EEM	Exp62: EEM D oos2
2026-04-07 09:23:12	e33d523d	-99.0000	-0.4969	-36.7%	-1.5343	21%	16	GLD	Exp63: GLD D oos2
2026-04-07 09:23:40	1d1814cd	-99.0000	-0.2651	-30.7%	-0.6168	25%	15	IAU	Exp64: IAU D oos2
2026-04-07 09:24:21	424d122e	-99.0000	-0.3282	-36.5%	-1.6497	28%	18	TLT	Exp65: TLT D oos2
2026-04-07 09:24:50	b0ad2c2a	-99.0000	+0.1785	-14.7%	0.3934	43%	20	IEF	Exp66: IEF D oos2
2026-04-07 09:25:02	e45df548	-99.0000	-0.6050	-5.2%	-0.5776	0%	2	LQD	Exp67: LQD D oos2
2026-04-07 09:25:10	12f50ba6	-99.0000	+3.4454	-1.2%	3.2772	100%	3	HYG	Exp68: HYG D oos2
2026-04-07 09:25:44	4a667c2a	-99.0000	+0.8766	-40.6%	2.7933	52%	23	IWB,GLD	Exp69: IWB+GLD oos2
2026-04-07 09:26:32	060bc663	-99.0000	+1.0085	-36.9%	2.8773	58%	26	IWB,TLT	Exp70: IWB+TLT oos2
2026-04-07 09:27:36	dba0ca43	-99.0000	-0.4714	-40.6%	-1.7378	22%	33	GLD,TLT	Exp71: GLD+TLT oos2
2026-04-07 09:28:08	04ce7b15	-99.0000	-1.4201	-40.6%	-31.2521	8%	19	EUR_USD,GLD	Exp72: EUR_USD+GLD oos2
2026-04-07 09:33:47	aafb802b	2.8815	+2.3565	-10.4%	7.4515	88%	8	IWB	Exp39: IWB oos_months=2
2026-04-07 09:34:51	363d8213	-99.0000	+2.3070	-1.8%	1.9294	100%	2	HYG	Exp73: HYG oos3
2026-04-07 09:35:19	59d8a491	-99.0000	-0.7233	-48.8%	-3.7928	24%	12	TLT	Exp74: TLT oos3
2026-04-07 09:35:43	7f2208ad	-99.0000	+0.5975	-14.6%	1.1984	73%	15	IEF	Exp75: IEF oos3
2026-04-07 09:36:05	ad80016f	-99.0000	-0.4996	-38.5%	-2.0632	13%	10	GLD	Exp76: GLD oos3
2026-04-07 09:36:14	b28e5708	-99.0000	+0.3707	-2.0%	0.5431	33%	1	LQD	Exp77: LQD oos3
2026-04-07 09:36:24	beec90f2	-99.0000	-1.7235	-12.0%	29.6745	0%	3	EUR_USD	Exp78: EUR_USD oos3
2026-04-07 09:36:28	e94bf817	-99.0000	+0.0000	0.0%	0.0000	0%	0	GBP_USD	Exp79: GBP_USD oos3
2026-04-07 09:36:48	46f24194	-99.0000	-0.0910	-10.0%	-0.9390	18%	4	AUD_USD	Exp80: AUD_USD oos3
2026-04-07 09:36:57	0fac3f1d	-99.0000	+0.1675	-1.4%	0.5780	100%	1	USD_JPY	Exp81: USD_JPY oos3
2026-04-07 09:37:28	05c26dd4	-99.0000	-0.0384	-45.5%	-0.1045	36%	22	^FTSE	Exp82: ^FTSE oos3
2026-04-07 09:37:46	952fedff	1.5200	+1.0720	-19.4%	2.6068	60%	9	^GDAXI	Exp83: ^GDAXI oos3
2026-04-07 09:38:17	1cde7bdf	-99.0000	+0.0932	-40.6%	0.2025	45%	17	EEM	Exp84: EEM oos3
2026-04-07 09:38:31	ad0df11e	2.8815	+2.3565	-10.4%	7.4515	88%	8	IWB	Exp85: IWB cpct=0.002
2026-04-07 09:38:41	df624f97	4.5462	+3.9962	-3.0%	6.5719	100%	5	IWB	Exp86: IWB cbars=5
2026-04-07 09:38:54	ea39b841	2.8815	+2.3565	-10.4%	7.4515	88%	8	IWB	Exp87: IWB thr=0.55
2026-04-07 09:39:08	ff670bfa	2.8815	+2.3565	-10.4%	7.4515	88%	8	IWB	Exp88: IWB thr=0.50
2026-04-07 09:39:20	f7ac624c	2.6763	+2.1263	-10.3%	5.5387	100%	6	IWB	Exp89: IWB oos3 thr=0.55
2026-04-07 09:39:32	1e2aeba4	2.6763	+2.1263	-10.3%	5.5387	100%	6	IWB	Exp90: IWB oos3 n400
2026-04-07 09:39:45	2c173938	-99.0000	-2.4776	-24.8%	17.4477	12%	9	IWB	Exp91: IWB lstm_e2e
2026-04-07 09:40:00	8ad8228a	3.4384	+2.9009	-10.4%	5.3643	94%	11	IWB,HYG	Exp92: IWB+HYG oos2
2026-04-07 09:40:37	b826a0fa	-99.0000	+0.7009	-49.3%	0.9034	62%	19	IWB,TLT	Exp93: IWB+TLT oos3
2026-04-07 09:41:12	b3046fbe	-99.0000	+0.7822	-50.0%	-0.8719	62%	15	HYG,TLT	Exp94: HYG+TLT oos3
2026-04-07 09:41:26	683f4f6c	2.8815	+2.3565	-10.4%	7.4515	88%	8	IWB	Exp95: IWB lr=0.05
2026-04-07 09:41:39	e62e4922	2.8815	+2.3565	-10.4%	7.4515	88%	8	IWB	Exp96: IWB lr=0.10
2026-04-07 09:42:38	b42b0e68	-99.0000	+0.3081	-56.1%	0.5991	66%	38	IWB	Exp97: IWB is3 oos2
2026-04-07 09:43:19	c409631f	0.2496	+0.2667	-55.3%	0.5200	64%	26	IWB	Exp98: IWB is3 oos3
2026-04-07 09:44:15	78ab2c9c	-99.0000	+0.0260	-31.5%	-0.1148	33%	27	GLD	Exp100: GLD lstm_e2e oos3
2026-04-07 09:45:54	df624f97	4.5462	+3.9962	-3.0%	6.5719	100%	5	IWB	Exp86: IWB cbars=5
2026-04-07 09:56:23	03ad1e57	-99.0000	+0.0000	0.0%	0.0000	0%	0	IWB	Exp101: IWB cbars=3
2026-04-07 09:56:30	f4a1a840	-99.0000	+3.4954	-3.0%	5.6219	100%	2	IWB	Exp102: IWB cbars=7
2026-04-07 09:56:34	6d545c86	-99.0000	+0.0000	0.0%	0.0000	0%	0	IWB	Exp103: IWB cbars=2
2026-04-07 09:56:39	b4515806	-99.0000	+0.0000	0.0%	0.0000	0%	0	IWB	Exp104: IWB cbars=4
2026-04-07 09:56:48	105b9506	4.5462	+3.9962	-3.0%	6.5719	100%	5	IWB	Exp105: IWB cbars5 cpct=0.003
2026-04-07 09:56:57	d87ee1f8	4.5462	+3.9962	-3.0%	6.5719	100%	5	IWB	Exp106: IWB cbars5 cpct=0.002
2026-04-07 09:57:01	c5deae4e	-99.0000	+0.0000	0.0%	0.0000	0%	0	IWB	Exp107: IWB cbars5 cpct=0.008
2026-04-07 09:57:05	bb2ac390	-99.0000	+0.0000	0.0%	0.0000	0%	0	IWB	Exp108: IWB cbars5 cpct=0.01
2026-04-07 09:57:14	4ae6c400	4.5462	+3.9962	-3.0%	6.5719	100%	5	IWB	Exp109: IWB cbars5 +RSI35/65
2026-04-07 09:57:23	f3758d39	4.5462	+3.9962	-3.0%	6.5719	100%	5	IWB	Exp110: IWB cbars5 +RSI40/60
2026-04-07 09:57:32	b4098e4b	4.5462	+3.9962	-3.0%	6.5719	100%	5	IWB	Exp111: IWB cbars5 hidden=16
2026-04-07 09:57:42	fe6f7805	4.5462	+3.9962	-3.0%	6.5719	100%	5	IWB	Exp112: IWB cbars5 hidden=48
2026-04-07 09:57:52	5905b2f3	4.5462	+3.9962	-3.0%	6.5719	100%	5	IWB	Exp113: IWB cbars5 lookback=10
2026-04-07 09:58:02	0c2d6770	4.5462	+3.9962	-3.0%	6.5719	100%	5	IWB	Exp114: IWB cbars5 lookback=15
2026-04-07 09:58:12	beb67438	4.5462	+3.9962	-3.0%	6.5719	100%	5	IWB	Exp115: IWB cbars5 epochs=50
2026-04-07 09:58:22	a9f1a600	4.5462	+3.9962	-3.0%	6.5719	100%	5	IWB	Exp116: IWB cbars5 epochs=20
2026-04-07 09:58:32	baf7536c	4.5462	+3.9962	-3.0%	6.5719	100%	5	IWB	Exp117: IWB cbars5 thr=0.55
2026-04-07 09:58:42	cb67c668	-99.0000	+3.5069	-3.0%	5.1785	80%	4	IWB	Exp118: IWB cbars5 thr=0.65
2026-04-07 09:58:52	4433fb0c	-99.0000	+3.5069	-3.0%	5.1785	80%	4	IWB	Exp119: IWB cbars5 thr=0.70
2026-04-07 09:59:02	b345aa75	4.5523	+4.0023	-3.0%	6.5786	100%	5	IWB	Exp120: IWB cbars5 cost=1.0
2026-04-07 09:59:12	030ebacb	4.5493	+3.9993	-3.0%	6.5753	100%	5	IWB	Exp121: IWB cbars5 cost=1.5
2026-04-07 09:59:33	b62ca264	-99.0000	+2.8342	-14.5%	4.4744	95%	15	IWB,QQQ	Exp122: IWB+QQQ cbars5 oos2
2026-04-07 09:59:48	1ba63321	-99.0000	+2.4634	-18.9%	3.9264	83%	10	IWB,SPY	Exp123: IWB+SPY cbars5 oos2
2026-04-07 10:00:06	4776f7d3	-99.0000	+1.6721	-14.5%	2.3768	90%	10	QQQ	Exp124: QQQ cbars5 oos2
2026-04-07 10:00:18	ed877179	-99.0000	+0.9306	-18.9%	1.2809	67%	5	SPY	Exp125: SPY cbars5 oos2
2026-04-07 10:00:25	b0884c71	-99.0000	+0.0000	0.0%	0.0000	0%	0	EFA	Exp126: EFA cbars5 oos2
2026-04-07 10:00:56	d088ee82	-99.0000	+0.5489	-17.8%	1.9294	37%	17	EEM	Exp127: EEM cbars5 oos2
2026-04-07 10:01:04	262cbbba	-99.0000	+3.4457	-9.3%	5.4478	100%	1	^GDAXI	Exp128: ^GDAXI cbars5 oos3
2026-04-07 10:01:32	0ed7c5c9	-99.0000	-0.3806	-28.1%	-3.0345	24%	15	^FTSE	Exp129: ^FTSE cbars5 oos3
2026-04-07 10:01:42	9146f762	-99.0000	+0.0000	0.0%	0.0000	0%	0	GLD	Exp130: GLD cbars5 oos3
2026-04-07 10:01:54	62009bab	-99.0000	-1.4920	-24.7%	-10.1897	0%	2	TLT	Exp131: TLT cbars5 oos3
2026-04-07 10:01:58	fecf3eb9	-99.0000	+0.0000	0.0%	0.0000	0%	0	HYG	Exp132: HYG cbars5 oos3
2026-04-07 10:02:08	7b9ddee6	4.5462	+3.9962	-3.0%	6.5719	100%	5	IWB	Exp133: IWB cbars5 n200
2026-04-07 10:02:20	303f06de	4.5462	+3.9962	-3.0%	6.5719	100%	5	IWB	Exp134: IWB cbars5 n400
2026-04-07 10:02:30	0d61a12a	4.5462	+3.9962	-3.0%	6.5719	100%	5	IWB	Exp135: IWB cbars5 sub=0.7
2026-04-07 10:02:41	cfadbbf3	4.5462	+3.9962	-3.0%	6.5719	100%	5	IWB	Exp136: IWB cbars5 col=0.5
2026-04-07 10:02:50	fa73dd9e	-99.0000	+3.4657	-3.3%	6.4796	100%	4	IWB	Exp137: IWB cbars5 oos3
2026-04-07 10:02:55	e9c66009	-99.0000	+0.0000	0.0%	0.0000	0%	0	IWB	Exp138: IWB cbars5 is=1.5
2026-04-07 10:03:04	13b39d33	4.5462	+3.9962	-3.0%	6.5719	100%	5	IWB	Exp139: IWB cbars5 nested=2
2026-04-07 10:03:16	e1b1d642	4.5462	+3.9962	-3.0%	6.5719	100%	5	IWB	Exp140: IWB cbars5 nested=5
2026-04-07 10:04:12	78da1baf	4.5553	+4.0053	-3.0%	6.5820	100%	5	IWB	Exp141: IWB cbars5 cost=0.5
2026-04-07 10:04:21	36ad0731	4.5584	+4.0084	-3.0%	6.5853	100%	5	IWB	Exp142: IWB cbars5 cost=0.0
2026-04-07 10:04:31	b31bfb83	4.5462	+3.9962	-3.0%	6.5719	100%	5	IWB	Exp143: IWB cbars5 6labels
2026-04-07 10:04:42	2ea8e678	2.8468	+2.3084	-17.3%	2.6613	100%	5	TQQQ	Exp144: TQQQ cbars5 oos2
2026-04-07 10:04:58	9eac0337	3.6907	+3.1523	-17.3%	4.6166	100%	10	IWB,TQQQ	Exp145: IWB+TQQQ cbars5
2026-04-07 10:05:03	d932250c	-99.0000	+0.9215	-8.7%	-22.1216	60%	10	IWB	Exp146: IWB cbars5 xgboost
2026-04-07 10:05:16	ac43c982	-99.0000	-2.2138	-23.4%	9.2753	0%	9	UUP	Exp147: UUP cbars5 oos2
2026-04-07 10:05:27	9ee64f05	-99.0000	-1.2994	-22.0%	11.4146	17%	6	UUP	Exp148: UUP cbars5 oos3
2026-04-07 10:05:54	eecd74c3	-99.0000	-0.3413	-54.7%	-1.5537	37%	15	GDX	Exp149: GDX cbars5 oos2
2026-04-07 10:06:14	019e4976	-99.0000	-0.2881	-48.3%	-1.6397	33%	9	GDX	Exp150: GDX cbars5 oos3
2026-04-07 10:06:42	931cf9e8	-99.0000	-0.2528	-54.7%	-1.1508	37%	15	GDX	Exp151: GDX cbars5
2026-04-07 10:06:57	bdb166fd	-99.0000	-0.5182	-17.6%	-0.9814	14%	4	^GDAXI	Exp152: ^GDAXI cbars5 oos2
2026-04-07 10:07:08	e9742209	3.9318	+3.3818	-4.8%	4.5296	100%	5	IWB	Exp153: IWB cbars6 cpct=0.003
2026-04-07 10:07:16	1eb65ff6	-99.0000	+3.7556	-3.0%	5.5301	100%	3	IWB	Exp154: IWB cbars6 cpct=0.004
2026-04-07 10:07:41	9d79c58c	2.7271	+2.2668	-17.9%	4.0826	62%	12	IWB,GLD	Exp155: IWB+GLD cbars5
2026-04-07 10:08:00	53391090	-99.0000	+2.1136	-19.7%	4.3545	68%	9	IWB,GLD	Exp156: IWB+GLD cbars5 oos3
2026-04-07 10:09:04	8fd6692c	-99.0000	-0.1095	-56.6%	-0.4926	21%	21	IBKR	Exp157: IBKR cbars5 oos2
2026-04-07 10:09:50	d555b3d8	-99.0000	+0.4222	-49.8%	1.7602	28%	18	IBKR	Exp158: IBKR cbars5 oos3
2026-04-07 10:09:55	9cd19ef2	-99.0000	+0.0000	0.0%	0.0000	0%	0	HYG	Exp159: HYG cbars5 oos2
2026-04-07 10:09:59	8cfb5722	-99.0000	+0.0000	0.0%	0.0000	0%	0	HYG	Exp160: HYG cbars5 oos2 thr=0.55
2026-04-07 10:10:08	42b4d250	4.5462	+3.9962	-3.0%	6.5719	100%	5	IWB	Exp161: IWB cbars5 fast-xgb
2026-04-07 10:10:22	bc0c7cd4	4.5462	+3.9962	-3.0%	6.5719	100%	5	IWB	Exp162: IWB cbars5 hidden=128
2026-04-07 10:10:31	6c47e72d	4.5462	+3.9962	-3.0%	6.5719	100%	5	IWB	Exp163: IWB cbars5 lookback=5
2026-04-07 10:10:42	f5b7f8d8	4.5462	+3.9962	-3.0%	6.5719	100%	5	IWB	Exp164: IWB cbars5 lookback=30
2026-04-07 10:36:35	8c679d11	4.5462	+3.9962	-3.0%	6.5719	100%	5	IWB	Baseline: IWB stacking cbars=5 (v1 winner)
2026-04-07 10:37:16	f7c96c3b	-99.0000	-0.1660	-64.0%	-0.0582	23%	313	EUR_USD	MR EUR_USD H1 conf_donchian
2026-04-07 10:37:17	2d87fa0f	-99.0000	+0.8002	-28.6%	1.2598	62%	196	SPY	Trend following SPY SMA200
2026-04-07 10:37:18	2abe57c9	-99.0000	+0.8240	-33.5%	-0.2131	58%	213	GLD	Cross-asset IEF->GLD momentum
2026-04-07 10:37:19	6c177cc8	-99.0000	+0.1409	-32.2%	-0.4305	36%	362	GLD	Gold macro 3-component
2026-04-07 10:37:21	56715e43	-99.0000	-0.0819	-25.9%	0.5294	38%	246	AUD_JPY	FX carry AUD_JPY +VIX
2026-04-07 10:37:34	2d87fa0f	-99.0000	+0.8002	-28.6%	1.2598	62%	196	SPY	Trend following SPY SMA200
2026-04-07 10:37:53	2abe57c9	-99.0000	+0.8240	-33.5%	-0.2131	58%	213	GLD	Cross-asset IEF->GLD momentum
2026-04-07 10:38:03	f7c96c3b	-99.0000	-0.1660	-64.0%	-0.0582	23%	313	EUR_USD	MR EUR_USD H1 conf_donchian
2026-04-07 10:38:23	4818d3d5	-99.0000	+1.0930	-28.8%	-1.8276	79%	382	GLD	Cross-asset IEF->GLD lb=10 hold=10
2026-04-07 10:38:24	874402ed	-99.0000	+0.6959	-35.3%	1.1351	69%	274	SPY	TF SPY SMA150 yearly OOS
2026-04-07 10:38:25	df2bbbea	-99.0000	+0.1740	-31.1%	-0.5807	47%	344	GLD	Gold macro yearly OOS
2026-04-07 10:45:19	d4d0f698	4.5462	+3.9962	-3.0%	6.5719	100%	5	IWB	ML IWB stacking baseline
2026-04-07 10:45:32	f39a3d52	2.2680	+1.7466	-14.5%	2.3157	86%	7	QQQ	ML QQQ stacking oos3
2026-04-07 10:45:41	251f5350	-99.0000	+0.9766	-18.5%	1.5184	50%	3	SPY	ML SPY stacking oos3
2026-04-07 10:45:57	746f50ed	1.8298	+1.3616	-18.5%	1.9171	68%	10	QQQ,SPY	ML QQQ+SPY oos3
2026-04-07 10:46:09	68e3f58e	-99.0000	-0.1660	-64.0%	-0.0582	23%	313	EUR_USD	MR EUR_USD donchian
2026-04-07 10:46:20	ab2e529b	-99.0000	-0.0750	-59.9%	0.2358	38%	364	EUR_USD	MR EUR_USD rsi_dev
2026-04-07 10:46:26	4ff75cd3	-99.0000	-2.7020	-83.6%	0.3108	8%	182	EUR_USD	MR EUR_USD atr_only
2026-04-07 10:46:34	f47078c8	-99.0000	+1.6440	-61.0%	-21.8812	75%	350	AUD_JPY	MR AUD_JPY donchian
2026-04-07 10:46:39	16ec72da	0.2566	+0.0990	-73.5%	7.9508	50%	173	GBP_USD	MR GBP_USD donchian
2026-04-07 10:46:44	fd35e129	-99.0000	-0.5290	-83.3%	0.2510	25%	197	USD_JPY	MR USD_JPY donchian
2026-04-07 10:46:50	73c074cf	-0.4217	-0.2390	-72.6%	0.5180	25%	183	AUD_USD	MR AUD_USD donchian
2026-04-07 10:46:55	6f02a2a4	-99.0000	-1.8150	-83.7%	1.7525	25%	250	USD_CHF	MR USD_CHF donchian
2026-04-07 10:47:06	ca01debd	-99.0000	-1.3860	-99.7%	-0.2485	8%	569	EUR_USD	MR EUR_USD aggressive
2026-04-07 10:47:16	eb858b5e	-99.0000	+1.0210	-20.7%	0.9928	38%	158	EUR_USD	MR EUR_USD conservative
2026-04-07 10:47:27	99c955ef	-99.0000	-1.1650	-92.9%	-0.0498	31%	512	EUR_USD	MR EUR_USD vwap12
2026-04-07 10:47:38	b39bd9af	-0.4835	-0.5000	-90.9%	5.2192	23%	296	EUR_USD	MR EUR_USD vwap48
2026-04-07 10:47:39	8dd3b6ed	-99.0000	+0.8002	-28.6%	1.2598	62%	196	SPY	TF SPY SMA200
2026-04-07 10:47:40	20ba58da	-99.0000	+0.7076	-35.2%	1.2857	57%	277	SPY	TF SPY SMA150
2026-04-07 10:47:41	1b14d40c	-99.0000	+0.6854	-51.6%	1.1487	67%	329	SPY	TF SPY SMA100
2026-04-07 10:47:42	32e0dc91	1.0796	+0.7215	-27.6%	1.3377	60%	225	SPY	TF SPY EMA200
2026-04-07 10:47:44	57f5900e	-99.0000	+0.8015	-26.7%	2.1093	71%	167	QQQ	TF QQQ SMA200
2026-04-07 10:47:45	5ffadf45	-99.0000	+0.6908	-34.1%	4.2565	54%	148	GLD	TF GLD SMA200
2026-04-07 10:47:46	fee7e6fd	-99.0000	+0.1404	-44.4%	-1.2761	46%	221	TLT	TF TLT SMA200
2026-04-07 10:47:47	96a45f8c	-99.0000	+0.8098	-22.3%	1.3616	62%	157	IWB	TF IWB SMA200
2026-04-07 10:47:48	794e02ce	-99.0000	+0.5205	-27.8%	1.0779	58%	167	EFA	TF EFA SMA200
2026-04-07 10:47:50	67b2238b	-99.0000	+0.1493	-41.6%	-1.0795	29%	162	DBC	TF DBC SMA200
2026-04-07 10:47:51	2a34f5f7	-99.0000	+0.2911	-43.8%	2.2182	45%	199	EEM	TF EEM SMA200
2026-04-07 10:47:52	8437e20c	1.0938	+0.7530	-9.9%	1.0317	66%	124	HYG	TF HYG SMA200
2026-04-07 10:47:53	0492c1e4	-99.0000	+0.8240	-33.5%	-0.2131	58%	213	GLD	XA IEF->GLD lb20
2026-04-07 10:47:54	c931adb2	-99.0000	+1.0930	-28.8%	-1.8276	79%	382	GLD	XA IEF->GLD lb10
2026-04-07 10:47:55	f205ee07	0.9749	+0.9320	-35.4%	0.3259	74%	408	GLD	XA TLT->GLD lb10
2026-04-07 10:47:57	890a07e6	0.6326	+0.3800	-49.1%	1.2783	70%	438	QQQ	XA TLT->QQQ lb10
2026-04-07 10:47:58	0a407806	-99.0000	+0.4010	-52.8%	-2.8323	70%	408	QQQ	XA IEF->QQQ lb10
2026-04-07 10:47:59	a2f09e77	-99.0000	+0.1770	-52.8%	0.1445	63%	438	SPY	XA TLT->SPY lb10
2026-04-07 10:48:00	62af8410	-99.0000	+0.3000	-36.0%	-6.2055	65%	230	EFA	XA IEF->EFA lb20
2026-04-07 10:48:01	d60f16cf	-99.0000	+1.2150	-21.4%	1.4818	66%	120	GLD	XA TLT->GLD lb60
2026-04-07 10:48:03	942ffd5f	-99.0000	+0.1409	-32.2%	-0.4305	36%	362	GLD	GM GLD default
2026-04-07 10:48:04	f1b5d698	-99.0000	+0.2527	-37.5%	-3.3797	39%	435	GLD	GM GLD rr10
2026-04-07 10:48:05	1a9ad207	-99.0000	+0.3054	-38.2%	-4.9093	50%	324	GLD	GM GLD rr40
2026-04-07 10:48:07	dd4e11df	-99.0000	+0.2093	-39.7%	-1.5031	54%	406	GLD	GM GLD sma100
2026-04-07 10:48:08	02a42344	-99.0000	-0.0819	-25.9%	0.5294	38%	246	AUD_JPY	FC AUD_JPY default
2026-04-07 10:48:09	675747e6	-99.0000	-0.3675	-23.2%	0.0000	35%	392	AUD_JPY	FC AUD_JPY sma20
2026-04-07 10:48:11	150c80d9	-99.0000	+0.0884	-19.8%	-0.4383	42%	174	AUD_JPY	FC AUD_JPY sma100
2026-04-07 10:48:12	3dabb921	-99.0000	-0.0817	-30.6%	0.5834	38%	246	AUD_JPY	FC AUD_JPY vol10
2026-04-07 10:48:13	65bc6505	-99.0000	-0.9181	-33.5%	0.9525	25%	168	AUD_USD	FC AUD_USD default
2026-04-07 10:48:14	d6eddad2	-99.0000	-0.0821	-26.5%	0.3719	41%	417	EUR_USD	FC EUR_USD carry-1
2026-04-07 10:48:16	3742fc4d	-99.0000	+1.3676	-25.3%	-5.5789	40%	9	INTC	PT INTC/TXN
2026-04-07 10:48:17	d333c8a9	-0.4201	+0.4658	-279.6%	2.3703	43%	365	GOOGL	PT GOOGL/META
2026-04-07 10:48:18	481bb87f	-99.0000	+0.7498	-7009221.8%	-13.4524	63%	473	GLD	PT GLD/IAU
2026-04-07 10:48:19	d6145752	-99.0000	-0.0872	-3544.6%	-4.7726	34%	474	SPY	PT SPY/QQQ
2026-04-07 10:48:20	75576262	-99.0000	+0.2624	-409.6%	2.5091	40%	688	MSFT	PT MSFT/AAPL
2026-04-07 10:55:31	e700a222	4.5462	+3.9962	-3.0%	6.5719	100%	5	IWB	TCN stacking IWB cbars=5
2026-04-07 10:55:56	2eb2a592	4.5462	+3.9962	-3.0%	6.5719	100%	5	IWB	AE stacking IWB cbars=5
2026-04-07 10:56:32	d793d73f	2.2680	+1.7466	-14.5%	2.3157	86%	7	QQQ	TCN stacking QQQ oos3
2026-04-07 10:56:52	57a539a7	2.2680	+1.7466	-14.5%	2.3157	86%	7	QQQ	AE stacking QQQ oos3
2026-04-07 11:00:42	b14e35ce	-99.0000	+2.1030	-15.0%	-1.6101	75%	273	AUD_JPY	MR AUD_JPY rsi_dev conservative
2026-04-07 11:00:51	ac9ca386	-99.0000	+1.0210	-20.7%	0.9928	38%	158	EUR_USD	MR EUR_USD donchian conservative
2026-04-07 11:03:25	61e5e4c3	4.5462	+3.9962	-3.0%	6.5719	100%	5	IWB	IWB stacking baseline
2026-04-07 11:04:01	b14e35ce	2.6028	+2.1030	-15.0%	7.1470	75%	273	AUD_JPY	MR AUD_JPY rsi_dev conservative
2026-04-07 11:04:11	ac9ca386	0.0942	+1.0210	-20.7%	-0.3424	38%	158	EUR_USD	MR EUR_USD donchian conservative
2026-04-07 11:04:13	ad809c00	0.6720	+0.8002	-28.6%	1.2598	62%	196	SPY	TF SPY SMA200
2026-04-07 11:04:14	6c8bca99	1.3360	+1.0930	-28.8%	0.8473	79%	382	GLD	XA IEF->GLD lb10
2026-04-07 11:04:15	0e1b282b	-0.1324	-0.0819	-25.9%	0.5294	38%	246	AUD_JPY	FC AUD_JPY
2026-04-07 11:04:17	aced895e	-1.2366	+0.1409	-32.2%	-0.4305	36%	362	GLD	Gold macro
2026-04-07 11:04:18	6dfe01e5	-0.1708	+0.1765	-41.8%	0.3151	50%	473	GLD	PT GLD/IAU
2026-04-07 11:04:20	84bb0ab8	-0.2011	-0.2905	-32.6%	0.9251	0%	9	INTC	PT INTC/TXN
2026-04-07 11:21:10	8c679d11	4.5462	+3.9962	-3.0%	6.5719	100%	5	IWB	Baseline: IWB stacking cbars=5 (v1 winner)
2026-04-07 11:21:45	e804cf42	-4.3997	-3.6358	-26.8%	14.2981	0%	11	IWB	XGB IWB cbars5
2026-04-07 11:21:53	41f821c3	2.6028	+2.1030	-15.0%	7.1470	75%	273	AUD_JPY	MR AUD_JPY
2026-04-07 11:21:54	5e34dfa8	0.6715	+0.7999	-28.6%	1.2594	62%	196	SPY	TF SPY
2026-04-07 11:21:55	8840fce6	1.3360	+1.0930	-28.8%	0.8473	79%	382	GLD	XA IEF->GLD
2026-04-07 11:21:56	261e7064	-0.3144	-0.1041	-26.2%	0.6456	38%	246	AUD_JPY	FC AUD_JPY
2026-04-07 11:21:57	6dfe01e5	-1.6270	-0.2928	-46.7%	-0.5227	45%	473	GLD	PT GLD/IAU
2026-04-07 11:25:41	d4d0f698	4.5462	+3.9962	-3.0%	6.5719	100%	5	IWB	ML IWB stacking baseline
2026-04-07 11:25:53	f39a3d52	2.2680	+1.7466	-14.5%	2.3157	86%	7	QQQ	ML QQQ stacking oos3
2026-04-07 11:26:02	251f5350	-99.0000	+0.9766	-18.5%	1.5184	50%	3	SPY	ML SPY stacking oos3
2026-04-07 11:26:18	746f50ed	1.8298	+1.3616	-18.5%	1.9171	68%	10	QQQ,SPY	ML QQQ+SPY oos3
2026-04-07 11:26:25	84860efb	2.6028	+2.1030	-15.0%	7.1470	75%	273	AUD_JPY	MR AUD_JPY rsi_dev cons
2026-04-07 11:26:35	626c687e	-0.2447	+1.1820	-16.1%	-0.5401	31%	180	EUR_USD	MR EUR_USD rsi_dev cons
2026-04-07 11:26:44	cd9ea8d2	0.0942	+1.0210	-20.7%	-0.3424	38%	158	EUR_USD	MR EUR_USD donchian cons
2026-04-07 11:26:55	b117645c	-0.7424	-0.1660	-64.0%	0.0754	23%	313	EUR_USD	MR EUR_USD donchian std
2026-04-07 11:27:02	0a66ef66	1.9451	+2.0900	-15.6%	4.0800	50%	225	AUD_JPY	MR AUD_JPY donchian cons
2026-04-07 11:27:07	a6fee0cc	0.1331	+0.2970	-39.0%	-0.2923	50%	151	GBP_USD	MR GBP_USD rsi_dev cons
2026-04-07 11:27:12	d3ed73fa	-0.4530	-0.2850	-38.6%	0.2872	25%	145	USD_JPY	MR USD_JPY rsi_dev cons
2026-04-07 11:27:17	8df35c91	0.0172	+0.0930	-40.7%	0.1760	50%	130	AUD_USD	MR AUD_USD rsi_dev cons
2026-04-07 11:27:22	38945b40	-2.0613	-1.8380	-49.7%	4.5921	25%	186	USD_CHF	MR USD_CHF rsi_dev cons
2026-04-07 11:27:33	3245c94f	-2.4054	-1.4170	-99.9%	0.7644	8%	672	EUR_USD	MR EUR_USD aggressive
2026-04-07 11:27:43	eb14127a	-0.2447	+1.1820	-16.1%	-0.5401	31%	180	EUR_USD	MR EUR_USD conservative
2026-04-07 11:27:53	797362a7	-2.9598	-1.6640	-61.8%	0.4401	8%	328	EUR_USD	MR EUR_USD vwap12
2026-04-07 11:28:03	fa1dcda3	-2.9378	-1.6760	-72.7%	3.9788	23%	181	EUR_USD	MR EUR_USD vwap48
2026-04-07 11:28:04	8dd3b6ed	0.6715	+0.7999	-28.6%	1.2594	62%	196	SPY	TF SPY SMA200
2026-04-07 11:28:05	20ba58da	0.5087	+0.7075	-35.3%	1.2856	57%	277	SPY	TF SPY SMA150
2026-04-07 11:28:07	1b14d40c	-0.1215	+0.6851	-51.6%	1.1485	67%	329	SPY	TF SPY SMA100
2026-04-07 11:28:08	32e0dc91	1.0790	+0.7211	-27.6%	1.3371	60%	225	SPY	TF SPY EMA200
2026-04-07 11:28:09	57f5900e	-0.7634	+0.8013	-26.7%	2.1091	71%	167	QQQ	TF QQQ SMA200
2026-04-07 11:28:10	5ffadf45	0.4236	+0.6908	-34.1%	4.2565	54%	148	GLD	TF GLD SMA200
2026-04-07 11:28:11	fee7e6fd	-1.2810	+0.1403	-44.4%	-1.2744	46%	221	TLT	TF TLT SMA200
2026-04-07 11:28:12	96a45f8c	0.6697	+0.8098	-22.3%	1.3616	62%	157	IWB	TF IWB SMA200
2026-04-07 11:28:13	794e02ce	0.5696	+0.5203	-27.8%	1.0777	58%	167	EFA	TF EFA SMA200
2026-04-07 11:28:14	67b2238b	-0.4115	+0.1492	-41.6%	-1.0783	29%	162	DBC	TF DBC SMA200
2026-04-07 11:28:15	2a34f5f7	0.1644	+0.2910	-43.8%	2.2180	45%	199	EEM	TF EEM SMA200
2026-04-07 11:28:16	8437e20c	1.0938	+0.7530	-9.9%	1.0317	66%	124	HYG	TF HYG SMA200
2026-04-07 11:28:17	0492c1e4	0.7375	+0.8240	-33.5%	0.9158	58%	213	GLD	XA IEF->GLD lb20
2026-04-07 11:28:18	c931adb2	1.3360	+1.0930	-28.8%	0.8473	79%	382	GLD	XA IEF->GLD lb10
2026-04-07 11:28:19	f205ee07	1.1519	+0.9320	-35.4%	0.9157	74%	408	GLD	XA TLT->GLD lb10
2026-04-07 11:28:20	890a07e6	0.4593	+0.3800	-49.1%	0.7004	70%	438	QQQ	XA TLT->QQQ lb10
2026-04-07 11:28:21	0a407806	0.3071	+0.4010	-52.8%	0.7766	70%	408	QQQ	XA IEF->QQQ lb10
2026-04-07 11:28:23	a2f09e77	0.1100	+0.1770	-52.8%	0.3216	63%	438	SPY	XA TLT->SPY lb10
2026-04-07 11:28:24	62af8410	0.3844	+0.3000	-36.0%	0.5313	65%	230	EFA	XA IEF->EFA lb20
2026-04-07 11:28:25	d60f16cf	1.2002	+1.2150	-21.4%	1.2583	66%	120	GLD	XA TLT->GLD lb60
2026-04-07 11:28:26	942ffd5f	-1.2373	+0.1395	-32.2%	-0.4260	36%	362	GLD	GM GLD default
2026-04-07 11:28:27	f1b5d698	-0.9131	+0.2509	-37.5%	-3.3365	39%	435	GLD	GM GLD rr10
2026-04-07 11:28:28	1a9ad207	-1.3049	+0.3044	-38.2%	-4.8553	50%	324	GLD	GM GLD rr40
2026-04-07 11:28:29	dd4e11df	-1.5339	+0.2081	-39.7%	-1.4925	54%	406	GLD	GM GLD sma100
2026-04-07 11:28:30	02a42344	-0.3144	-0.1041	-26.2%	0.6456	38%	246	AUD_JPY	FC AUD_JPY default
2026-04-07 11:28:31	675747e6	-0.9932	-0.3369	-22.1%	0.0000	38%	392	AUD_JPY	FC AUD_JPY sma20
2026-04-07 11:28:32	150c80d9	-1.2998	+0.0627	-19.5%	-0.3064	38%	174	AUD_JPY	FC AUD_JPY sma100
2026-04-07 11:28:33	3dabb921	-0.3071	-0.0993	-31.1%	0.6825	38%	246	AUD_JPY	FC AUD_JPY vol10
2026-04-07 11:28:34	65bc6505	-1.4798	-0.9364	-33.9%	0.9642	25%	168	AUD_USD	FC AUD_USD default
2026-04-07 11:28:35	d6eddad2	-1.2946	-0.1036	-27.9%	0.4585	41%	417	EUR_USD	FC EUR_USD carry-1
2026-04-07 11:28:36	3742fc4d	-0.1282	+0.0376	-32.6%	-0.1197	20%	9	INTC	PT INTC/TXN
2026-04-07 11:28:37	d333c8a9	-0.1656	-0.0050	-44.3%	-0.0059	43%	365	GOOGL	PT GOOGL/META
2026-04-07 11:28:38	481bb87f	-1.6270	-0.2928	-46.7%	-0.5227	45%	473	GLD	PT GLD/IAU
2026-04-07 11:28:40	d6145752	-0.4866	+0.0050	-50.5%	0.0073	32%	474	SPY	PT SPY/QQQ
2026-04-07 11:28:41	75576262	-1.2133	-0.0873	-82.8%	-0.1280	31%	688	MSFT	PT MSFT/AAPL
2026-04-07 11:32:35	d2d642e0	3.3052	+2.8476	-28.8%	5.5995	88%	660	QQQ	Portfolio IWB+AUDJPY+GLD
2026-04-07 11:32:55	bf3f305a	3.7688	+3.2389	-15.0%	6.8019	90%	278	QQQ	Portfolio IWB+AUDJPY
2026-04-07 11:34:00	97206ca6	-0.0210	+0.4323	-45.9%	0.6880	54%	43	IWB	IWB stacking is_years=3
2026-04-07 11:34:11	b4d970a0	4.5462	+3.9962	-3.0%	6.5719	100%	5	IWB	IWB stacking n_folds=5
2026-04-07 11:34:21	5cc8f06c	4.5462	+3.9962	-3.0%	6.5719	100%	5	IWB	IWB stacking threshold=0.55
2026-04-07 11:34:32	a85a8021	-99.0000	+3.5069	-3.0%	5.1785	80%	4	IWB	IWB stacking threshold=0.65
2026-04-07 11:34:42	211bcd3e	-99.0000	+3.5069	-3.0%	5.1785	80%	4	IWB	IWB stacking threshold=0.70
2026-04-07 11:34:52	510d2902	4.5462	+3.9962	-3.0%	6.5719	100%	5	IWB	IWB stacking xgb depth=5
2026-04-07 11:35:02	07958510	4.5462	+3.9962	-3.0%	6.5719	100%	5	IWB	IWB stacking xgb depth=3
2026-04-07 11:35:12	9d63aede	4.5462	+3.9962	-3.0%	6.5719	100%	5	IWB	IWB stacking xgb n500
2026-04-07 11:35:24	ffd8c472	4.5462	+3.9962	-3.0%	6.5719	100%	5	IWB	IWB stacking lookback=30
2026-04-07 11:35:33	929d02fb	4.5462	+3.9962	-3.0%	6.5719	100%	5	IWB	IWB stacking lookback=10
2026-04-07 11:35:48	d9b98ecb	4.1331	+3.6031	-3.6%	6.4967	90%	10	IWB	IWB stacking oos1
2026-04-07 11:35:58	e8cb449c	4.5462	+3.9962	-3.0%	6.5719	100%	5	IWB	IWB stacking 4labels
2026-04-07 11:36:12	0521ecdd	4.5462	+3.9962	-3.0%	6.5719	100%	5	IWB	TCN stacking IWB
2026-04-07 11:36:27	1875d376	4.5462	+3.9962	-3.0%	6.5719	100%	5	IWB	TCN stacking IWB lookback=30
2026-04-07 11:36:42	db5af034	4.5462	+3.9962	-3.0%	6.5719	100%	5	IWB	TCN stacking IWB lookback=10
2026-04-07 11:37:13	aea19a34	1.7609	+1.6721	-14.5%	2.3768	90%	10	QQQ	TCN stacking QQQ
2026-04-07 11:37:30	153dc8d4	4.5462	+3.9962	-3.0%	6.5719	100%	5	IWB	AE stacking IWB k4
2026-04-07 11:37:47	1c8e0ed9	4.5462	+3.9962	-3.0%	6.5719	100%	5	IWB	AE stacking IWB k3
2026-04-07 11:38:05	dbf312e2	4.5462	+3.9962	-3.0%	6.5719	100%	5	IWB	AE stacking IWB k6
2026-04-07 11:38:22	01eaed3e	4.5462	+3.9962	-3.0%	6.5719	100%	5	IWB	AE stacking IWB latent16
2026-04-07 11:38:30	ec4d5bd7	-3.1042	-0.9880	-59.6%	0.5177	25%	353	AUD_JPY	MR AUD_JPY vwap12
2026-04-07 11:38:37	ed45c15c	2.5581	+2.3800	-23.4%	0.7339	50%	191	AUD_JPY	MR AUD_JPY vwap48
2026-04-07 11:38:44	368f1433	1.9451	+2.0900	-15.6%	4.0800	50%	225	AUD_JPY	MR AUD_JPY donchian
2026-04-07 11:38:49	1c9bc709	2.2420	+1.8400	-24.6%	5.4681	50%	439	AUD_JPY	MR AUD_JPY no_filter
2026-04-07 11:38:52	53e8b501	-3.9268	-3.6360	-11.5%	1.5553	0%	38	AUD_JPY	MR AUD_JPY atr_only
2026-04-07 11:39:00	9eee3718	1.8792	+1.4030	-29.8%	4.6365	100%	250	AUD_JPY	MR AUD_JPY is40k
2026-04-07 11:39:01	a0da75a9	1.2315	+0.9720	-20.0%	1.0738	66%	365	GLD	XA LQD->GLD lb10
2026-04-07 11:39:02	3da0ffd1	1.4618	+1.0790	-25.3%	1.3599	63%	146	GLD	XA IEF->GLD lb40
2026-04-07 11:39:03	4704c314	1.4729	+1.1230	-23.3%	1.0936	82%	433	GLD	XA IEF->GLD thr0
2026-04-07 11:39:04	5e02b0d4	1.3110	+1.0100	-26.6%	1.0048	79%	417	GLD	XA IEF->GLD thr0.25
2026-04-07 11:39:05	070edc63	-0.3475	+0.2170	-54.9%	0.4486	63%	420	EEM	XA TLT->EEM lb10
2026-04-07 11:39:06	e67630d5	1.1853	+0.8810	-22.0%	0.9594	76%	185	HYG	XA IEF->HYG lb20
2026-04-07 11:39:07	d6dcee5b	0.1120	+0.1790	-53.8%	0.3226	65%	438	IWB	XA TLT->IWB lb10
2026-04-07 11:39:09	db8fcdf7	-0.0563	+0.5583	-15.6%	1.5732	57%	200	IEF	TF IEF SMA150
2026-04-07 11:39:10	e166202c	-0.9352	+0.2723	-35.4%	1.6602	55%	221	TLT	TF TLT SMA150
2026-04-07 11:39:11	b5676a27	0.3007	+0.8869	-25.1%	1.1860	73%	147	QQQ	TF QQQ EMA200
2026-04-07 11:39:12	1d246811	1.2524	+1.0947	-50.0%	1.0834	77%	61	TQQQ	TF TQQQ SMA200
2026-04-07 11:39:13	23a049f5	-0.6470	-0.2229	-78.2%	-0.3125	32%	413	QQQ	PT QQQ/SPY ez1.5
2026-04-07 11:39:14	df72fa85	-0.9124	-0.1555	-62.8%	-0.2180	22%	376	QQQ	PT QQQ/SPY ez2.5
2026-04-07 11:39:15	3e039a21	0.1527	+0.2596	-62.3%	0.4728	44%	461	EFA	PT EFA/EEM
2026-04-07 11:39:16	0dd41ff0	-0.9852	-0.0362	-39.8%	-0.0963	35%	351	TLT	PT TLT/IEF
2026-04-07 11:39:18	5f9b9fde	-0.4055	-0.1219	-37.9%	0.7861	38%	246	AUD_JPY	FC AUD_JPY vol15
2026-04-07 11:39:19	7dac1d8d	-0.5412	-0.2241	-29.5%	0.8274	38%	246	AUD_JPY	FC AUD_JPY vix20
2026-04-07 11:39:20	4c6a0888	-0.2571	-0.0477	-26.3%	0.4078	38%	246	AUD_JPY	FC AUD_JPY vix30
2026-04-07 11:39:32	6f9ff70e	2.4481	+1.9981	-3.0%	3.2860	50%	5	IWB,EFA	ML IWB+EFA stacking
2026-04-07 11:39:58	e0a631d2	2.7271	+2.2668	-17.9%	4.0826	62%	12	IWB,GLD	ML IWB+GLD stacking
2026-04-07 11:40:18	c3ad7a44	0.9027	+1.3637	-17.1%	-4.6571	50%	8	IWB,TLT	ML IWB+TLT stacking
2026-04-07 11:46:42	54cb2b6d	4.5462	+3.9962	-3.0%	6.5719	100%	5	IWB	IWB stacking seed=7
2026-04-07 11:46:52	65db1ef8	4.5462	+3.9962	-3.0%	6.5719	100%	5	IWB	IWB stacking seed=123
2026-04-07 11:47:01	d5cc277e	4.5462	+3.9962	-3.0%	6.5719	100%	5	IWB	IWB stacking seed=999
2026-04-07 11:47:09	b9a80c11	-3.8462	-3.3865	-18.1%	12.9181	0%	5	IWB	IWB lstm_e2e
2026-04-07 11:47:23	20d886ae	-3.8462	-3.3865	-18.1%	11.5538	0%	5	IWB	IWB lstm_e2e hidden=64
2026-04-07 11:47:28	47a9606b	-99.0000	+0.0000	0.0%	0.0000	0%	0	IWB	IWB cbars=4
2026-04-07 11:47:41	2e1264ac	3.9318	+3.3818	-4.8%	4.5296	100%	5	IWB	IWB cbars=6
2026-04-07 11:47:50	07f6853f	-99.0000	+2.9081	-4.8%	4.4362	100%	3	IWB	IWB cbars=7
2026-04-07 11:48:00	4856ddba	4.5462	+3.9962	-3.0%	6.5719	100%	5	IWB	IWB confirm_pct=0.003
2026-04-07 11:48:04	dd8f20be	-99.0000	+0.0000	0.0%	0.0000	0%	0	IWB	IWB confirm_pct=0.008
2026-04-07 11:48:16	822199d0	2.8468	+2.3084	-17.3%	2.6613	100%	5	TQQQ	TQQQ stacking cbars5
2026-04-07 11:48:23	03f91c12	-99.0000	+0.0000	0.0%	0.0000	0%	0	EFA	EFA stacking cbars5
2026-04-07 11:48:56	fe68f255	0.8379	+0.5489	-17.8%	1.9294	37%	17	EEM	EEM stacking cbars5
2026-04-07 11:49:00	86c4b28f	-99.0000	+0.0000	0.0%	0.0000	0%	0	HYG	HYG stacking cbars5
2026-04-07 11:49:08	c914e01c	-99.0000	+3.4005	-1.9%	15.7472	100%	2	LQD	LQD stacking cbars5
2026-04-07 11:49:32	01dbf420	-1.9922	-0.8489	-39.8%	-4.2417	27%	11	DBC	DBC stacking cbars5
2026-04-07 11:49:59	02310923	-0.9400	-0.2644	-54.7%	-1.2034	37%	15	GDX	GDX stacking cbars5
2026-04-07 11:50:04	8847a0e6	-99.0000	+0.0000	0.0%	0.0000	0%	0	TIP	TIP stacking cbars5
2026-04-07 11:50:23	8c9f02ab	0.9227	+0.5375	-17.9%	1.5932	25%	7	GLD	GLD stacking cbars5
2026-04-07 11:50:38	3715b433	3.6907	+3.1523	-17.3%	4.6166	100%	10	IWB,TQQQ	IWB+TQQQ stacking
2026-04-07 11:50:48	57bcdb7c	-99.0000	+2.1927	-17.3%	2.7932	100%	3	TQQQ	TQQQ cbars5 oos3
2026-04-07 11:51:02	4ab3ec0d	1.9148	+1.4720	-29.8%	7.6269	83%	253	AUD_JPY	MR AUD_JPY oos10k
2026-04-07 11:51:09	87cf6d1f	2.9080	+2.4080	-14.1%	2.6001	75%	273	AUD_JPY	MR AUD_JPY spread1
2026-04-07 11:51:11	137832c5	-99.0000	+0.0000	0.0%	0.0000	0%	0	AUD_JPY	MR AUD_JPY D
2026-04-07 11:51:12	c6c7366c	1.4618	+1.0790	-25.3%	1.3599	63%	146	GLD	XA IEF->GLD lb40 hd20
2026-04-07 11:51:13	0022f285	0.6171	+0.7340	-33.3%	0.8874	58%	186	GLD	XA IEF->GLD lb30 hd15
2026-04-07 11:51:15	befc05af	0.8862	+0.6530	-32.2%	0.9063	74%	243	GLD	XA IEF->GLD lb20 thr0
2026-04-07 11:51:16	9413066c	-0.5074	+0.4810	-27.0%	0.6498	52%	254	GLD	XA HYG->GLD lb10
2026-04-07 11:51:17	2b94e1fc	1.5495	+1.3120	-37.5%	0.9558	82%	365	QQQ	XA LQD->QQQ lb10
2026-04-07 11:51:18	ba44289e	-1.6504	-0.7930	-85.6%	1.4615	36%	204	DBC	XA IEF->DBC lb20
2026-04-07 11:51:19	de124f84	-1.0419	+0.1228	-28.9%	-0.4957	39%	506	GLD	GM GLD rr10 dw10
2026-04-07 11:51:20	f9dd93db	-0.5683	+0.4663	-36.1%	7.5723	43%	464	GLD	GM GLD rr10 sma100
2026-04-07 11:51:21	bd5aaa43	-0.5931	+0.2794	-34.2%	-1.3382	47%	433	GLD	GM GLD rr20 dw10
2026-04-07 11:51:22	c8ae9477	-1.1428	+0.2351	-31.6%	-1.1612	39%	362	GLD	GM GLD cost2
2026-04-07 11:51:23	175860f3	-1.3336	+0.1846	-31.1%	-1.5063	44%	322	GLD	GM GLD is1008
2026-04-07 11:51:24	b7f6c623	0.5223	+0.7161	-34.9%	1.2750	57%	277	SPY	TF SPY SMA150 cost1
2026-04-07 11:51:25	7cb55a0e	0.7670	+0.7789	-27.5%	2.4427	54%	142	GLD	TF GLD EMA200
2026-04-07 11:51:26	df56f79b	0.5278	+0.7714	-38.0%	2.5985	51%	161	GLD	TF GLD SMA150
2026-04-07 11:51:27	55cf7e4a	-0.0507	+0.7854	-21.6%	1.4900	72%	213	IWB	TF IWB SMA150
2026-04-07 11:51:30	964ef5be	-0.9400	+0.1002	-20.6%	-0.1622	40%	119	AUD_JPY	FC AUD_JPY sma_200
2026-04-07 11:57:29	29841bee	3.0680	+2.5680	-13.5%	2.0361	75%	273	AUD_JPY	MR AUD_JPY spread0.5
2026-04-07 11:57:36	70192e6e	3.2070	+2.7070	-13.1%	1.7429	75%	273	AUD_JPY	MR AUD_JPY spread0
2026-04-07 11:57:43	49c4e27a	2.8070	+2.3070	-14.4%	3.2209	75%	273	AUD_JPY	MR AUD_JPY spread1.5
2026-04-07 11:57:50	df644242	-2.5094	-0.5600	-51.6%	0.4145	50%	353	AUD_JPY	MR AUD_JPY sp1 vwap12
2026-04-07 11:57:57	2bdcfeb7	3.2902	+2.9820	-20.3%	1.1164	50%	224	AUD_JPY	MR AUD_JPY sp1 vwap36
2026-04-07 11:58:04	f69743eb	2.8671	+2.6650	-22.3%	0.7119	62%	191	AUD_JPY	MR AUD_JPY sp1 vwap48
2026-04-07 11:58:12	301ab9a0	2.1716	+1.7630	-26.6%	1.9423	58%	227	AUD_JPY	MR AUD_JPY sp1 oos5k
2026-04-07 11:58:19	df159632	2.5158	+2.0940	-32.6%	3.8352	80%	302	AUD_JPY	MR AUD_JPY sp1 oos12k
2026-04-07 11:58:25	fb0ccd74	1.4833	+1.1240	-31.9%	1.4429	56%	371	AUD_JPY	MR AUD_JPY sp1 is20k
2026-04-07 11:58:33	54d587da	1.9967	+1.5500	-26.6%	1.4445	86%	220	AUD_JPY	MR AUD_JPY sp1 is40k
2026-04-07 11:58:40	a6c56d70	2.1788	+1.8350	-56.2%	1.9673	100%	417	AUD_JPY	MR AUD_JPY sp1 standard
2026-04-07 11:58:47	1d5e48ac	2.5010	+2.3800	-14.7%	2.0519	62%	225	AUD_JPY	MR AUD_JPY sp1 donchian
2026-04-07 11:58:52	da66afb2	2.5475	+2.1130	-23.1%	2.6504	62%	439	AUD_JPY	MR AUD_JPY sp1 no_filter
2026-04-07 11:59:02	9d68a1c9	0.2985	+1.6920	-14.3%	-1.0558	31%	180	EUR_USD	MR EUR_USD sp1
2026-04-07 11:59:07	d7ce6528	0.3388	+0.7070	-32.0%	-1.8879	50%	151	GBP_USD	MR GBP_USD sp1
2026-04-07 11:59:12	fcb258aa	0.4831	+0.4790	-38.1%	0.3983	50%	130	AUD_USD	MR AUD_USD sp1
2026-04-07 11:59:13	6e624d99	1.1023	+0.9510	-40.2%	0.7135	82%	209	QQQ	XA LQD->QQQ lb20 hd20
2026-04-07 11:59:14	9c2d39b2	0.7134	+0.8820	-40.1%	0.7212	66%	648	QQQ	XA LQD->QQQ lb5 hd5
2026-04-07 11:59:15	b2e6791d	1.0200	+0.8720	-45.7%	0.8121	79%	433	QQQ	XA LQD->QQQ lb10 thr0
2026-04-07 11:59:16	00fc2585	0.9990	+0.8720	-43.8%	0.7270	76%	433	QQQ	XA LQD->QQQ lb10 thr0.25
2026-04-07 11:59:17	0501d5a4	1.6208	+1.3680	-36.9%	0.9966	82%	365	QQQ	XA LQD->QQQ sp2
2026-04-07 11:59:18	49737c66	1.6450	+1.3870	-36.7%	1.0105	82%	365	QQQ	XA LQD->QQQ sp1
2026-04-07 11:59:19	82ca5e81	1.2994	+1.0960	-35.4%	0.8511	75%	345	QQQ	XA LQD->QQQ is756
2026-04-07 11:59:20	57ec2584	1.2335	+1.0540	-39.5%	0.8137	79%	365	IWB	XA LQD->IWB lb10
2026-04-07 11:59:21	49dd7873	2.8566	+2.4720	-15.9%	1.0646	85%	254	QQQ	XA HYG->QQQ lb10
2026-04-07 11:59:22	8f5ca66b	3.0375	+2.6300	-13.4%	1.1057	88%	254	IWB	XA HYG->IWB lb10
2026-04-07 11:59:27	60280dde	-4.3997	-3.6358	-26.8%	14.2981	0%	11	IWB	IWB xgboost only
2026-04-07 12:00:03	6e76c000	1.0744	+0.9671	-60.6%	0.9915	69%	29	TQQQ	TQQQ stacking is3y
2026-04-07 12:00:20	6917e15c	2.7043	+2.1881	-17.3%	2.5690	89%	9	TQQQ	TQQQ stacking oos1
2026-04-07 12:00:32	50bc5191	2.8468	+2.3084	-17.3%	2.6613	100%	5	TQQQ	TQQQ stacking thr0.55
2026-04-07 12:00:45	f0191365	2.9479	+2.4095	-17.3%	2.9474	100%	7	TQQQ	TQQQ cbars=6
2026-04-07 12:01:00	ef799690	1.7040	+1.3403	-44.2%	1.6861	80%	10	TQQQ	TQQQ cbars=4
2026-04-07 12:01:15	2e0602d0	3.3981	+2.9829	-37.5%	4.2571	89%	643	QQQ	Portfolio IWB+AUDJPY sp1+LQDQQQ
2026-04-07 12:01:16	d837ecdc	1.4258	+1.1590	-27.1%	0.8984	79%	382	GLD	XA IEF->GLD sp2
2026-04-07 12:01:17	1f276eb5	1.4558	+1.1810	-26.5%	0.9155	79%	382	GLD	XA IEF->GLD sp1
2026-04-07 12:01:18	ed55f9f6	1.5385	+1.2500	-26.0%	0.9690	76%	382	GLD	XA IEF->GLD sp0
2026-04-07 12:01:19	0845ddb9	0.6974	+0.8060	-28.3%	1.2511	62%	196	SPY	TF SPY SMA200 cost1
2026-04-07 12:01:20	ad0996e5	0.4236	+0.6908	-34.1%	4.2565	54%	148	GLD	TF GLD SMA200 cost2
2026-04-07 12:01:24	b229f7a4	-99.0000	+0.0000	0.0%	0.0000	0%	0	IWB	IWB rsi40/60
2026-04-07 12:01:28	853f3829	-99.0000	+0.0000	0.0%	0.0000	0%	0	IWB	IWB rsi35/65
2026-04-07 12:04:19	d1c4ed2e	3.2230	+2.7900	-21.2%	2.4598	62%	252	AUD_JPY	MR AUD_JPY vwap30 sp1
2026-04-07 12:04:26	00c8e9f9	2.9507	+2.6500	-19.6%	1.0796	50%	238	AUD_JPY	MR AUD_JPY vwap32 sp1
2026-04-07 12:04:33	f4f519f8	3.0153	+2.7150	-21.0%	1.1008	50%	231	AUD_JPY	MR AUD_JPY vwap34 sp1
2026-04-07 12:04:39	5ab9ce6b	2.9588	+2.6680	-21.3%	1.0741	50%	223	AUD_JPY	MR AUD_JPY vwap38 sp1
2026-04-07 12:04:46	16dfb26a	3.3618	+2.9930	-21.9%	1.2606	62%	216	AUD_JPY	MR AUD_JPY vwap40 sp1
2026-04-07 12:04:54	65dee40b	2.8534	+2.5810	-25.5%	0.9493	70%	229	AUD_JPY	MR AUD_JPY vwap36 oos6k
2026-04-07 12:05:01	2821ae85	3.4269	+3.0830	-25.6%	1.1806	71%	161	AUD_JPY	MR AUD_JPY vwap36 oos9k
2026-04-07 12:05:07	9e0fb11a	1.4973	+1.4170	-41.1%	0.5180	78%	274	AUD_JPY	MR AUD_JPY vwap36 is25k
2026-04-07 12:05:14	fe6be78f	2.1510	+2.0050	-39.4%	0.7505	71%	265	AUD_JPY	MR AUD_JPY vwap36 is35k
2026-04-07 12:05:21	d4e5b5cd	3.9449	+3.4970	-15.4%	1.5149	50%	181	AUD_JPY	MR AUD_JPY vwap36 donchian
2026-04-07 12:05:26	e850b1b3	2.5771	+2.3230	-27.9%	1.4573	75%	379	AUD_JPY	MR AUD_JPY vwap36 no_filter
2026-04-07 12:05:33	df7f34de	1.8021	+1.7040	-74.7%	1.0723	88%	353	AUD_JPY	MR AUD_JPY vwap36 standard
2026-04-07 12:05:40	a4040913	3.4288	+3.1360	-19.8%	1.0559	50%	224	AUD_JPY	MR AUD_JPY vwap36 sp0.5
2026-04-07 12:05:41	74861b99	2.9748	+2.6560	-14.3%	0.8506	82%	457	IWB	XA HYG->IWB lb5 hd5
2026-04-07 12:05:42	9f0c4efd	1.7915	+1.5500	-23.4%	0.8134	70%	195	IWB	XA HYG->IWB lb15 hd15
2026-04-07 12:05:43	6cb9641a	0.8658	+1.4680	-25.5%	0.9905	79%	159	IWB	XA HYG->IWB lb20 hd20
2026-04-07 12:05:44	b6f90196	2.1455	+1.8160	-23.8%	0.9716	91%	388	IWB	XA HYG->IWB lb10 thr0
2026-04-07 12:05:45	ca1c20a9	2.4336	+2.0600	-19.2%	1.0634	88%	346	IWB	XA HYG->IWB lb10 thr0.25
2026-04-07 12:05:46	98d330ee	2.6962	+2.3770	-15.2%	0.9168	73%	211	IWB	XA HYG->IWB lb10 thr0.75
2026-04-07 12:05:47	2fa2837f	3.1332	+2.7150	-13.3%	1.1415	88%	254	IWB	XA HYG->IWB sp2
2026-04-07 12:05:48	49db9cf0	3.1708	+2.7430	-13.3%	1.1532	91%	254	IWB	XA HYG->IWB sp1
2026-04-07 12:05:49	b7d367ef	2.7496	+2.3690	-13.6%	0.9985	90%	235	IWB	XA HYG->IWB is756
2026-04-07 12:05:50	1b8ce07c	2.8638	+2.4480	-13.4%	1.1000	93%	214	IWB	XA HYG->IWB is1008
2026-04-07 12:05:51	298281d7	3.0125	+2.6010	-13.1%	1.0990	91%	254	SPY	XA HYG->SPY lb10
2026-04-07 12:05:52	c3a1e986	-0.5074	+0.4810	-27.0%	0.6498	52%	254	GLD	XA HYG->GLD lb10
2026-04-07 12:05:53	c2a7ec8a	2.0974	+1.9610	-15.8%	1.1611	85%	254	EFA	XA HYG->EFA lb10
2026-04-07 12:05:54	5a52d3fe	1.5317	+1.6290	-19.9%	1.2307	79%	254	EEM	XA HYG->EEM lb10
2026-04-07 12:05:56	44b1f024	-0.4352	+0.7560	-31.8%	0.8801	61%	254	DBC	XA HYG->DBC lb10
2026-04-07 12:05:57	478eab6a	1.3407	+1.1370	-38.5%	0.8778	79%	365	IWB	XA LQD->IWB sp1
2026-04-07 12:06:10	903d7ca7	2.7125	+2.2074	-17.3%	2.7138	83%	12	TQQQ	TQQQ cbars6 oos1
2026-04-07 12:06:40	44e2a44c	1.2900	+1.1065	-59.0%	1.1592	78%	27	TQQQ	TQQQ cbars6 is3y
2026-04-07 12:06:51	3a0eb6d9	2.9479	+2.4095	-17.3%	2.9474	100%	7	TQQQ	TQQQ cbars6 thr0.55
2026-04-07 12:07:06	719276c9	3.9071	+3.4187	-20.3%	3.8420	83%	483	QQQ	Portfolio IWB+AJ_vwap36+HYG_IWB
2026-04-07 12:07:16	2f749df6	3.9900	+3.4497	-13.4%	4.3854	95%	259	QQQ	Portfolio IWB+HYG_IWB
2026-04-07 12:07:26	e3c169ae	-26.3519	+1.9981	-3.0%	3.2860	50%	5	IWB,HYG	IWB+HYG stacking
2026-04-07 12:09:08	de282719	4.0665	+3.6540	-15.1%	1.3768	50%	181	AUD_JPY	MR AUD_JPY v36 don sp0.5
2026-04-07 12:09:15	896cfec9	4.1988	+3.7890	-14.8%	1.2828	62%	181	AUD_JPY	MR AUD_JPY v36 don sp0
2026-04-07 12:09:22	6726ae20	3.8434	+3.3980	-15.9%	1.6252	50%	181	AUD_JPY	MR AUD_JPY v36 don sp1.5
2026-04-07 12:09:28	44861414	3.6384	+3.1990	-17.1%	1.9369	50%	181	AUD_JPY	MR AUD_JPY v36 don sp2
2026-04-07 12:09:35	145d51c1	2.5010	+2.3800	-14.7%	2.0519	62%	225	AUD_JPY	MR AUD_JPY v24 don sp1
2026-04-07 12:09:42	f4b1dd08	3.3880	+2.9380	-11.5%	2.3191	50%	218	AUD_JPY	MR AUD_JPY v28 don sp1
2026-04-07 12:09:48	c39b71b6	3.7170	+3.2920	-11.4%	1.6230	38%	195	AUD_JPY	MR AUD_JPY v32 don sp1
2026-04-07 12:09:55	c227d886	3.6291	+3.2680	-12.8%	1.2037	50%	189	AUD_JPY	MR AUD_JPY v34 don sp1
2026-04-07 12:10:02	de0cd827	3.6050	+3.1940	-22.8%	1.9534	50%	176	AUD_JPY	MR AUD_JPY v38 don sp1
2026-04-07 12:10:09	8604f5f6	4.0460	+3.6330	-22.4%	2.0478	50%	172	AUD_JPY	MR AUD_JPY v40 don sp1
2026-04-07 12:10:15	0e0a8ca4	3.5861	+3.3130	-26.9%	1.1925	38%	155	AUD_JPY	MR AUD_JPY v48 don sp1
2026-04-07 12:10:23	789cb51d	2.8802	+2.6440	-42.3%	1.1866	58%	168	AUD_JPY	MR AUD_JPY v36 don oos5k
2026-04-07 12:10:30	9080bfea	2.9894	+2.6790	-31.6%	1.2440	60%	192	AUD_JPY	MR AUD_JPY v36 don oos6k
2026-04-07 12:10:37	33bc6d47	3.6946	+3.3200	-28.2%	1.4211	57%	135	AUD_JPY	MR AUD_JPY v36 don oos9k
2026-04-07 12:10:43	93a66d62	2.7263	+2.3360	-30.9%	1.7182	60%	230	AUD_JPY	MR AUD_JPY v36 don oos12k
2026-04-07 12:10:50	8c4b3856	1.8720	+1.7470	-39.9%	0.6462	78%	222	AUD_JPY	MR AUD_JPY v36 don is25k
2026-04-07 12:10:56	393b1ca5	2.6882	+2.4540	-39.8%	1.1466	57%	208	AUD_JPY	MR AUD_JPY v36 don is35k
2026-04-07 12:11:03	d7124a9d	2.2025	+2.0250	-39.9%	0.7684	86%	178	AUD_JPY	MR AUD_JPY v36 don is40k
2026-04-07 12:11:10	5ba94a48	1.7206	+1.6230	-79.9%	1.2404	75%	284	AUD_JPY	MR AUD_JPY v36 don standard
2026-04-07 12:11:18	6dbeeccd	0.1706	+0.8380	-88.8%	-13.8227	62%	483	AUD_JPY	MR AUD_JPY v36 don aggressive
2026-04-07 12:11:27	90cd82d6	-0.3446	+0.4900	-33.3%	-24.3130	23%	143	EUR_USD	MR EUR_USD v36 don sp1
2026-04-07 12:11:32	9cf26487	-0.6515	-0.4460	-46.1%	0.8120	25%	93	GBP_USD	MR GBP_USD v36 don sp1
2026-04-07 12:11:37	47ad318d	2.2674	+1.7700	-15.5%	2.2809	75%	92	AUD_USD	MR AUD_USD v36 don sp1
2026-04-07 12:11:42	18d55c00	1.4082	+1.0570	-34.2%	1.4903	50%	103	USD_JPY	MR USD_JPY v36 don sp1
2026-04-07 12:11:47	35b18af7	-1.1041	-0.8570	-36.2%	-0.6084	25%	118	USD_CHF	MR USD_CHF v36 don sp1
2026-04-07 12:11:48	7e4b6835	3.3281	+2.8880	-13.2%	1.2142	88%	254	IWB	XA HYG->IWB sp0 thr0.5
2026-04-07 12:11:49	04490d59	2.8224	+2.4890	-14.9%	0.9600	73%	211	IWB	XA HYG->IWB sp1 thr0.75
2026-04-07 12:11:50	87979157	2.5637	+2.2600	-13.2%	0.8403	76%	324	IWB	XA HYG->IWB lb8 hd8
2026-04-07 12:11:51	95918b97	2.1275	+1.8180	-16.3%	0.8621	79%	237	IWB	XA HYG->IWB lb12 hd12
2026-04-07 12:12:04	71c3aa35	4.3044	+3.7965	-15.4%	4.5491	80%	186	QQQ	Portfolio IWB+AUDJPY_star
2026-04-07 12:12:25	6fdb8f40	4.0863	+3.5732	-15.4%	3.9616	83%	440	QQQ	Portfolio IWB+AUDJPY_star+HYG_IWB
2026-04-07 12:12:37	3f0baaaa	3.8370	+3.4910	-27.1%	1.3074	57%	135	AUD_JPY	MR AUD_JPY v36 don oos9k sp0.5
2026-04-07 12:12:41	d4dc05df	-99.0000	+0.0000	0.0%	0.0000	0%	0	AUD_JPY	MR AUD_JPY D v5 don
2026-04-07 12:12:44	7b93eb6e	-99.0000	+0.0000	0.0%	0.0000	0%	0	AUD_JPY	MR AUD_JPY D v10 don
2026-04-07 12:15:04	68b279ff	4.2072	+3.7900	-21.6%	1.7637	50%	172	AUD_JPY	MR AUD_JPY v40 don sp0.5
2026-04-07 12:15:10	d27c6a78	4.3470	+3.9260	-20.8%	1.5871	50%	172	AUD_JPY	MR AUD_JPY v40 don sp0
2026-04-07 12:15:17	4f4a5620	2.7211	+2.4290	-40.7%	1.2593	71%	131	AUD_JPY	MR AUD_JPY v40 don oos9k
2026-04-07 12:15:23	cbd54e62	2.8653	+2.6050	-39.7%	1.1373	71%	131	AUD_JPY	MR AUD_JPY v40 don oos9k sp0.5
2026-04-07 12:15:31	0e73ae39	2.8896	+2.5590	-40.5%	1.4605	60%	174	AUD_JPY	MR AUD_JPY v40 don oos6k
2026-04-07 12:15:37	3f66c6fc	1.4444	+1.3260	-30.8%	0.6207	56%	220	AUD_JPY	MR AUD_JPY v40 don is25k
2026-04-07 12:15:44	ae16403d	4.3116	+3.9030	-23.3%	1.6934	50%	167	AUD_JPY	MR AUD_JPY v42 don sp1
2026-04-07 12:15:51	873f76f3	4.3428	+3.9280	-22.0%	1.7938	50%	164	AUD_JPY	MR AUD_JPY v44 don sp1
2026-04-07 12:15:58	3a6c2062	4.4775	+4.1040	-24.4%	1.4958	38%	161	AUD_JPY	MR AUD_JPY v46 don sp1
2026-04-07 12:16:05	de0cd827	3.6050	+3.1940	-22.8%	1.9534	50%	176	AUD_JPY	MR AUD_JPY v38 don sp1
2026-04-07 12:16:12	3ee56f13	3.6121	+3.2000	-22.6%	1.7409	50%	173	AUD_JPY	MR AUD_JPY v39 don sp1
2026-04-07 12:16:19	b6a3de91	3.9749	+3.5670	-23.4%	1.7117	50%	168	AUD_JPY	MR AUD_JPY v41 don sp1
2026-04-07 12:16:25	47b99640	3.7033	+3.3250	-15.4%	1.3346	40%	207	AUD_JPY	MR AUD_JPY v36 don is15k
2026-04-07 12:16:31	2767c257	1.2713	+1.2490	-39.9%	0.3985	64%	271	AUD_JPY	MR AUD_JPY v36 don is10k
2026-04-07 12:16:37	ccb0bf8d	3.8780	+3.4850	-22.4%	1.8765	40%	193	AUD_JPY	MR AUD_JPY v40 don is15k
2026-04-07 12:16:43	0953ea2a	0.7554	+0.8050	-43.1%	0.3326	46%	265	AUD_JPY	MR AUD_JPY v40 don is10k
2026-04-07 12:16:48	47ad318d	2.2674	+1.7700	-15.5%	2.2809	75%	92	AUD_USD	MR AUD_USD v36 don sp1
2026-04-07 12:16:53	50b119db	1.1906	+1.0150	-21.1%	0.5208	75%	83	AUD_USD	MR AUD_USD v40 don sp1
2026-04-07 12:16:58	d382ffe2	2.5217	+2.0230	-15.3%	1.7781	75%	92	AUD_USD	MR AUD_USD v36 don sp0.5
2026-04-07 12:17:08	48eb078e	-2.6729	-2.3088	-17.5%	5.8874	0%	5	AUD_JPY	AUD_JPY stacking D cbars5
2026-04-07 12:17:20	c3868122	-99.0000	+0.5847	-7.1%	-2.1888	25%	4	AUD_JPY	AUD_JPY stacking D cbars3
2026-04-07 12:17:28	c2fcc952	3.3618	+2.9930	-21.9%	1.2606	62%	216	AUD_JPY	MR AUD_JPY v40 rsi14dev
2026-04-07 12:17:41	086ed82c	4.3238	+3.8509	-22.4%	4.7623	80%	177	QQQ	Portfolio IWB+v40don
2026-04-07 12:17:56	a1a6b4fb	4.2311	+3.7506	-22.4%	4.6681	84%	431	QQQ	Portfolio IWB60 v40don30 HYG10
2026-04-07 12:18:03	753e981a	3.8370	+3.4910	-27.1%	1.3074	57%	135	AUD_JPY	MR AUD_JPY v36 don sp0.5 oos9k
2026-04-07 12:18:10	71dbc3a8	3.5953	+3.2670	-25.2%	1.1210	71%	161	AUD_JPY	MR AUD_JPY v36 don rsi14 sp0.5
2026-04-07 12:18:15	7379d460	1.1262	+1.0240	-33.9%	0.8218	25%	94	USD_JPY	MR USD_JPY v40 don sp1
2026-04-07 12:18:24	86e60d2e	1.3710	+1.0880	-25.4%	2.1205	23%	148	EUR_USD	MR EUR_USD v40 don sp0.5
2026-04-07 12:26:21	0e0a8ca4	3.5861	+3.3130	-26.9%	1.1925	38%	155	AUD_JPY	MR AUD_JPY v48 don sp1
2026-04-07 12:26:27	2763ba04	3.6567	+3.3380	-24.6%	1.3058	38%	149	AUD_JPY	MR AUD_JPY v50 don sp1
2026-04-07 12:26:34	25448aba	3.7439	+3.4520	-23.8%	1.2022	38%	141	AUD_JPY	MR AUD_JPY v52 don sp1
2026-04-07 12:26:41	9890b0fb	4.3823	+4.0610	-18.5%	1.2125	38%	135	AUD_JPY	MR AUD_JPY v56 don sp1
2026-04-07 12:26:48	26da55f7	2.5103	+3.4330	-28.7%	0.9105	38%	127	AUD_JPY	MR AUD_JPY v60 don sp1
2026-04-07 12:26:55	462ef6bc	1.0621	+2.2660	-36.0%	0.5445	38%	131	AUD_JPY	MR AUD_JPY v72 don sp1
2026-04-07 12:27:01	e83e073f	-0.8129	+1.1900	-47.8%	0.2958	38%	135	AUD_JPY	MR AUD_JPY v96 don sp1
2026-04-07 12:27:08	1dcddff7	0.8612	+0.9980	-59.1%	0.3620	38%	147	AUD_JPY	MR AUD_JPY v120 don sp1
2026-04-07 12:27:15	b19e3569	4.5905	+4.2420	-23.6%	1.3889	38%	161	AUD_JPY	MR AUD_JPY v46 don sp0.5
2026-04-07 12:27:21	488cfa19	4.6910	+4.3620	-23.0%	1.3125	38%	161	AUD_JPY	MR AUD_JPY v46 don sp0
2026-04-07 12:27:29	652027fd	3.2710	+3.0300	-37.0%	1.1037	60%	175	AUD_JPY	MR AUD_JPY v46 don oos6k
2026-04-07 12:27:35	2de4cdc1	3.9882	+3.6760	-33.2%	1.2973	57%	125	AUD_JPY	MR AUD_JPY v46 don oos9k
2026-04-07 12:27:43	8e049ba9	2.7956	+2.6170	-36.4%	0.9511	50%	159	AUD_JPY	MR AUD_JPY v46 don oos5k
2026-04-07 12:27:49	70e3a6ef	4.1555	+3.8590	-32.8%	1.2379	57%	125	AUD_JPY	MR AUD_JPY v46 sp0.5 oos9k
2026-04-07 12:27:57	dc85399c	3.4328	+3.2020	-35.9%	1.0513	60%	175	AUD_JPY	MR AUD_JPY v46 sp0.5 oos6k
2026-04-07 12:28:03	0c8427b3	4.4921	+4.0730	-21.2%	1.6123	50%	164	AUD_JPY	MR AUD_JPY v44 don sp0.5
2026-04-07 12:28:10	d1312904	4.4587	+4.0460	-22.5%	1.5283	50%	167	AUD_JPY	MR AUD_JPY v42 don sp0.5
2026-04-07 12:28:17	cdc6ca1d	2.0121	+1.8780	-34.7%	0.6635	67%	213	AUD_JPY	MR AUD_JPY v46 is25k
2026-04-07 12:28:23	7719d533	2.5728	+2.3920	-37.0%	0.9219	57%	211	AUD_JPY	MR AUD_JPY v46 is35k
2026-04-07 12:28:28	1686d610	1.9892	+1.6930	-20.7%	0.9159	75%	70	AUD_USD	MR AUD_USD v46 don sp1
2026-04-07 12:28:33	2d9957b3	2.2309	+1.9450	-20.4%	0.8761	75%	70	AUD_USD	MR AUD_USD v46 don sp0.5
2026-04-07 12:28:47	9f013844	4.4890	+4.0393	-24.4%	4.5415	75%	166	QQQ	Portfolio IWB+v46don
2026-04-07 12:30:37	df36a5f2	4.4921	+4.0730	-21.2%	1.6123	50%	164	AUD_JPY	MR AUD_JPY v44 sp0.5
2026-04-07 12:30:44	0c2f47ad	4.5486	+4.1640	-23.1%	1.5023	38%	162	AUD_JPY	MR AUD_JPY v45 sp0.5
2026-04-07 12:30:51	5283967d	4.3051	+4.0060	-25.6%	1.2570	38%	157	AUD_JPY	MR AUD_JPY v47 sp0.5
2026-04-07 12:30:58	e64b2db3	3.7118	+3.4570	-26.2%	1.1199	38%	155	AUD_JPY	MR AUD_JPY v48 sp0.5
2026-04-07 12:31:05	9519c805	3.7893	+3.4740	-23.9%	1.1990	50%	149	AUD_JPY	MR AUD_JPY v50 sp0.5
2026-04-07 12:31:12	15a04aa5	3.8796	+3.5850	-23.0%	1.1150	50%	141	AUD_JPY	MR AUD_JPY v52 sp0.5
2026-04-07 12:31:19	382feed6	4.3388	+4.0210	-20.5%	1.2342	38%	137	AUD_JPY	MR AUD_JPY v54 sp0.5
2026-04-07 12:31:25	4afa9965	4.5014	+4.1990	-17.7%	1.1367	38%	135	AUD_JPY	MR AUD_JPY v56 sp0.5
2026-04-07 12:31:32	0744d793	3.7347	+3.5200	-27.5%	1.0074	38%	131	AUD_JPY	MR AUD_JPY v58 sp0.5
2026-04-07 12:31:39	5dcce18f	2.7516	+3.5630	-28.0%	0.8642	38%	127	AUD_JPY	MR AUD_JPY v60 sp0.5
2026-04-07 12:31:46	0f6c4263	4.6065	+4.3190	-17.4%	1.0817	38%	135	AUD_JPY	MR AUD_JPY v56 sp0
2026-04-07 12:31:53	4afa9965	4.5014	+4.1990	-17.7%	1.1367	38%	135	AUD_JPY	MR AUD_JPY v56 sp0.5
2026-04-07 12:32:00	fb6fcd13	3.5766	+3.3520	-34.9%	1.0138	60%	175	AUD_JPY	MR AUD_JPY v46 sp0 oos6k
2026-04-07 12:32:07	5f4afe08	4.3045	+4.0190	-32.4%	1.1949	57%	125	AUD_JPY	MR AUD_JPY v46 sp0 oos9k
2026-04-07 12:32:13	9e4ab939	2.4092	+2.2490	-33.6%	0.6587	78%	213	AUD_JPY	MR AUD_JPY v46 sp0 is25k
2026-04-07 12:32:20	6781e874	4.2016	+3.8940	-16.6%	0.9684	62%	199	AUD_JPY	MR AUD_JPY v46 sp0 rsi14
2026-04-07 12:32:25	90dfa103	3.1260	+2.8720	-33.1%	1.6625	62%	338	AUD_JPY	MR AUD_JPY v46 sp0 no_filter
2026-04-07 12:32:32	d28b1b54	4.6178	+4.1980	-20.4%	1.4898	50%	164	AUD_JPY	MR AUD_JPY v44 sp0
2026-04-07 12:32:39	ac3e9a2b	3.8242	+3.5820	-25.6%	1.0678	38%	155	AUD_JPY	MR AUD_JPY v48 sp0
2026-04-07 12:32:45	4cb4e67d	3.8894	+3.5930	-23.2%	1.1252	50%	149	AUD_JPY	MR AUD_JPY v50 sp0
2026-04-07 12:32:52	2f714c44	3.9805	+3.7010	-22.3%	1.0534	50%	141	AUD_JPY	MR AUD_JPY v52 sp0
2026-04-07 12:32:59	728ae356	2.9632	+3.6750	-27.4%	0.8301	38%	127	AUD_JPY	MR AUD_JPY v60 sp0
2026-04-07 12:33:13	8d4f1f99	4.5514	+4.0945	-23.6%	4.4987	75%	166	QQQ	Portfolio IWB+v46 sp0.5
2026-04-07 12:33:20	f233aea1	2.4951	+2.3730	-65.4%	1.1644	62%	245	AUD_JPY	MR AUD_JPY v46 don standard sp0.5
2026-04-07 18:51:04	5449d9fd	4.6402	+4.3020	-23.3%	1.3489	38%	161	AUD_JPY	MR AUD_JPY v46 sp0.25
2026-04-07 18:51:11	c12d19f0	4.5537	+4.2590	-17.5%	1.1081	38%	135	AUD_JPY	MR AUD_JPY v56 sp0.25
2026-04-07 18:51:18	0f6c4263	4.6065	+4.3190	-17.4%	1.0817	38%	135	AUD_JPY	MR AUD_JPY v56 sp0
2026-04-07 18:51:25	4138a1a1	4.9998	+4.5440	-18.8%	1.5862	62%	147	AUD_JPY	MR AUD_JPY v46 sp0.5 is28k oos8k
2026-04-07 18:51:32	4843c3cc	5.1368	+4.6440	-9.6%	1.5833	71%	154	AUD_JPY	MR AUD_JPY v46 sp0.5 is32k oos8k
2026-04-07 18:51:49	97a08d86	4.5635	+4.1191	-23.6%	3.9804	69%	166	QQQ	Portfolio IWB50+AJ50
2026-04-07 18:52:04	5834c95e	4.5392	+4.0699	-23.6%	5.0170	81%	166	QQQ	Portfolio IWB70+AJ30
2026-04-07 18:52:23	eab0e8bb	4.2733	+3.8213	-23.6%	3.4055	73%	420	QQQ	Portfolio IWB40+AJ40+HYG20
2026-04-07 18:52:26	ece70b66	-99.0000	+0.0000	0.0%	0.0000	0%	0	AUD_JPY	MR AUD_JPY H4 v12 don
2026-04-07 18:52:30	b75aeec7	-99.0000	+0.0000	0.0%	0.0000	0%	0	AUD_JPY	MR AUD_JPY H4 v6 don
2026-04-07 18:52:39	54cf688c	4.5814	+4.1860	-21.1%	1.4187	50%	164	AUD_JPY	MR AUD_JPY v43 sp0
2026-04-07 18:52:46	f090f93c	4.6372	+4.2800	-22.4%	1.3966	38%	162	AUD_JPY	MR AUD_JPY v45 sp0
2026-04-07 18:52:53	4acd18a5	4.4104	+4.1270	-25.0%	1.1940	38%	157	AUD_JPY	MR AUD_JPY v47 sp0
2026-04-07 18:53:18	4b0bc96e	2.3522	+1.8457	-8.4%	2.8497	78%	20	IWB	IWB stacking is2.5y
2026-04-22 12:03:23	4843c3cc	1.2630	+0.7690	-19.5%	1.6681	83%	96	AUD_JPY	MR AUD_JPY v46 sp0.5 is32k oos8k
2026-04-22 12:28:55	d4d0f698	4.5462	+3.9962	-3.0%	6.5719	100%	5	IWB	ML IWB stacking baseline
